gamma,best_val_auc
1,0.9995853327947847
2,0.9995274174319728
3,0.9994854499716554
