gamma,best_val_auc
1,0.9993549673185941
2,0.9993504126984127
3,0.999449910175737
