gamma,best_val_auc
1,0.9996518746031746
2,0.9995868858843538
3,0.9996179130952381
