gamma,best_val_auc
1,0.9941219868764174
2,0.989146973611111
3,0.9922263982426303
