gamma,best_val_auc
1,0.9995398604024943
2,0.9994577879535148
3,0.9994876919784581
