gamma,best_val_auc
1,0.9995762259920635
2,0.9995579352040815
3,0.9994722942743763
