gamma,best_val_auc
1,0.9995986956916101
2,0.9995665564342403
3,0.9995220980442177
